
[
    {
        "roomnum" : "1",
        "celsius" : "0",
        "fahrenheit" : "32",
        "humidity" : "10",
        "date" : "1/1/2020"
    },
    {
        "roomnum" : "2",
        "celsius" : "-18",
        "fahrenheit" : "0",
        "humidity" : "0",
        "date" : "2/1/2020"
    },
    {
        "roomnum" : "3",
        "celsius" : "48",
        "fahrenheit" : "100",
        "humidity" : "100",
        "date" : "3/1/2020"
    },
    {
        "roomnum" : "4",
        "celsius" : "100",
        "fahrenheit" : "212",
        "humidity" : "100",
        "date" : "4/1/2020"
    },
    {
        "roomnum" : "5",
        "celsius" : "-135",
        "fahrenheit" : "-212",
        "humidity" : "0",
        "date" : "5/1/2020"
    },
    {
        "roomnum" : "6",
        "celsius" : "25",
        "fahrenheit" : "75",
        "humidity" : "30",
        "date" : "6/1/2020"
    },
    {
        "roomnum" : "7",
        "celsius" : "20",
        "fahrenheit" : "68",
        "humidity" : "0",
        "date" : "1/1/2020"
    },
    {
        "roomnum" : "8",
        "celsius" : "30",
        "fahrenheit" : "86",
        "humidity" : "100",
        "date" : "8/1/2020"
    },
    {
        "roomnum" : "9",
        "celsius" : "-10",
        "fahrenheit" : "14",
        "humidity" : "5",
        "date" : "9/1/2020"
    },
    {
        "roomnum" : "10",
        "celsius" : "-100",
        "fahrenheit" : "-148",
        "humidity" : "0",
        "date" : "1/1/2020"
    }
]
